{"options":{"awareOfChrome":false,"check_for_updates":true,"comment":null,"compat_arrayleft":false,"compat_foreach":false,"compat_forvarin":false,"compat_metadata":false,"compat_uW_gmonkey":false,"compat_wrappedjsobject":false,"compatopts_for_requires":true,"noframes":null,"override":{"merge_connects":true,"merge_excludes":true,"merge_includes":true,"merge_matches":true,"orig_connects":["www.csdn.net"],"orig_excludes":[],"orig_includes":["*://*.csdn.net/*"],"orig_matches":[],"orig_noframes":null,"orig_run_at":"document-idle","use_blockers":[],"use_connects":[],"use_excludes":[],"use_includes":[],"use_matches":[]},"run_at":null},"settings":{"enabled":true,"position":5},"meta":{"name":"(持续更新)CSDN页面浮窗广告完全过滤净化(净化复制内容|自动展开|让你专注于文章|不影响功能使用)","uuid":"96c7d5d1-37e4-4422-8a3c-5c93eedb702c","modified":1574854249565,"file_url":"https://greasyfork.org/scripts/378351-%E6%8C%81%E7%BB%AD%E6%9B%B4%E6%96%B0-csdn%E9%A1%B5%E9%9D%A2%E6%B5%AE%E7%AA%97%E5%B9%BF%E5%91%8A%E5%AE%8C%E5%85%A8%E8%BF%87%E6%BB%A4%E5%87%80%E5%8C%96-%E5%87%80%E5%8C%96%E5%A4%8D%E5%88%B6%E5%86%85%E5%AE%B9-%E8%87%AA%E5%8A%A8%E5%B1%95%E5%BC%80-%E8%AE%A9%E4%BD%A0%E4%B8%93%E6%B3%A8%E4%BA%8E%E6%96%87%E7%AB%A0-%E4%B8%8D%E5%BD%B1%E5%93%8D%E5%8A%9F%E8%83%BD%E4%BD%BF%E7%94%A8/code/(%E6%8C%81%E7%BB%AD%E6%9B%B4%E6%96%B0)CSDN%E9%A1%B5%E9%9D%A2%E6%B5%AE%E7%AA%97%E5%B9%BF%E5%91%8A%E5%AE%8C%E5%85%A8%E8%BF%87%E6%BB%A4%E5%87%80%E5%8C%96(%E5%87%80%E5%8C%96%E5%A4%8D%E5%88%B6%E5%86%85%E5%AE%B9%7C%E8%87%AA%E5%8A%A8%E5%B1%95%E5%BC%80%7C%E8%AE%A9%E4%BD%A0%E4%B8%93%E6%B3%A8%E4%BA%8E%E6%96%87%E7%AB%A0%7C%E4%B8%8D%E5%BD%B1%E5%93%8D%E5%8A%9F%E8%83%BD%E4%BD%BF%E7%94%A8).user.js"}}