{"options":{"awareOfChrome":false,"check_for_updates":true,"comment":null,"compat_arrayleft":false,"compat_foreach":false,"compat_forvarin":false,"compat_metadata":false,"compat_uW_gmonkey":false,"compat_wrappedjsobject":false,"compatopts_for_requires":true,"noframes":null,"override":{"merge_connects":true,"merge_excludes":true,"merge_includes":true,"merge_matches":true,"orig_connects":[],"orig_excludes":[],"orig_includes":[],"orig_matches":["*://github.com/*"],"orig_noframes":null,"orig_run_at":"document-idle","use_blockers":[],"use_connects":[],"use_excludes":[],"use_includes":[],"use_matches":[]},"run_at":null},"settings":{"enabled":true,"position":3},"meta":{"name":"GitHub 镜像加速下载-码酷博客-改","uuid":"0a30d950-09ce-4380-8978-98f0591808fa","modified":1574850655600,"file_url":"https://greasyfork.org/scripts/391911-github-%E9%95%9C%E5%83%8F%E5%8A%A0%E9%80%9F%E4%B8%8B%E8%BD%BD-%E7%A0%81%E9%85%B7%E5%8D%9A%E5%AE%A2-%E6%94%B9/code/GitHub%20%E9%95%9C%E5%83%8F%E5%8A%A0%E9%80%9F%E4%B8%8B%E8%BD%BD-%E7%A0%81%E9%85%B7%E5%8D%9A%E5%AE%A2-%E6%94%B9.user.js"}}