{"options":{"awareOfChrome":false,"check_for_updates":true,"comment":null,"compat_arrayleft":false,"compat_foreach":false,"compat_forvarin":false,"compat_metadata":false,"compat_uW_gmonkey":false,"compat_wrappedjsobject":false,"compatopts_for_requires":true,"noframes":null,"override":{"merge_connects":true,"merge_excludes":true,"merge_includes":true,"merge_matches":true,"orig_connects":[],"orig_excludes":[],"orig_includes":[],"orig_matches":["*://gitee.com/*/*","*://www.gitee.com/*/*","*://github.com/*/*","*://www.github.com/*/*"],"orig_noframes":null,"orig_run_at":"document-end","use_blockers":[],"use_connects":[],"use_excludes":[],"use_includes":[],"use_matches":[]},"run_at":null},"settings":{"enabled":true,"position":2},"meta":{"name":"github、码云 md文件目录化","uuid":"72b5cc34-63ca-4f03-9033-d130dc8404d9","modified":1574848545452,"file_url":"https://greasyfork.org/scripts/387834-github-%E7%A0%81%E4%BA%91-md%E6%96%87%E4%BB%B6%E7%9B%AE%E5%BD%95%E5%8C%96/code/github%E3%80%81%E7%A0%81%E4%BA%91%20md%E6%96%87%E4%BB%B6%E7%9B%AE%E5%BD%95%E5%8C%96.user.js"}}