{"options":{"comment":null,"compatopts_for_requires":true,"compat_wrappedjsobject":false,"compat_metadata":false,"compat_foreach":false,"compat_arrayleft":false,"compat_uW_gmonkey":false,"compat_forvarin":false,"noframes":null,"awareOfChrome":false,"run_at":null,"override":{"use_includes":[],"orig_includes":["/^.*\\.bilibili\\.(tv|com|cn)\\/(video|search|sp).*$/","/^.*bilibili\\.kankanews\\.com\\/(video|search|sp).*$/","/http://www.bilibili.com/(#page=*)?/","http://www.bilibili.com/bangumi/*","http://bangumi.bilibili.com/anime/v/*","http://search.bilibili.com*"],"merge_includes":true,"use_matches":[],"orig_matches":[],"merge_matches":true,"use_excludes":[],"orig_excludes":[],"merge_excludes":true,"use_connects":[],"merge_connects":true,"use_blockers":[],"orig_run_at":"document-idle","orig_noframes":null,"orig_connects":[]}},"settings":{"enabled":true,"position":6},"meta":{"name":"bili_fix_player","uuid":"78434b9d-a827-4097-be6a-8b8661fdcadc","modified":1475225998784,"file_url":"https://greasyfork.org/scripts/740-bili-fix-player/code/bili_fix_player.user.js"}}