{"options":{"comment":null,"compatopts_for_requires":true,"compat_wrappedjsobject":false,"compat_metadata":false,"compat_foreach":false,"compat_arrayleft":false,"compat_uW_gmonkey":false,"compat_forvarin":false,"noframes":null,"awareOfChrome":false,"run_at":null,"override":{"use_includes":[],"orig_includes":["http://www.zhihu.com/*","https://www.zhihu.com/*"],"merge_includes":true,"use_matches":[],"orig_matches":["http://www.zhihu.com/*","https://www.zhihu.com/*"],"merge_matches":true,"use_excludes":[],"orig_excludes":[],"merge_excludes":true,"use_connects":[],"merge_connects":true,"use_blockers":[],"orig_run_at":"document-idle","orig_noframes":null,"orig_connects":[]}},"settings":{"enabled":true,"position":7},"meta":{"name":"iZhihu","uuid":"fcee4b21-209b-443f-8ab5-f6379499a689","modified":1475226011496,"file_url":"https://greasyfork.org/scripts/350-izhihu/code/iZhihu.user.js"}}