{"options":{"comment":null,"compatopts_for_requires":true,"compat_wrappedjsobject":false,"compat_metadata":false,"compat_foreach":false,"compat_arrayleft":false,"compat_uW_gmonkey":false,"compat_forvarin":false,"noframes":null,"awareOfChrome":false,"run_at":null,"override":{"use_includes":[],"orig_includes":[],"merge_includes":true,"use_matches":[],"orig_matches":["http://www.baidu.com/s?*","https://www.baidu.com/s?*"],"merge_matches":true,"use_excludes":[],"orig_excludes":[],"merge_excludes":true,"use_connects":[],"merge_connects":true,"use_blockers":[],"orig_run_at":"document-idle","orig_noframes":null,"orig_connects":[]}},"settings":{"enabled":true,"position":5},"meta":{"name":"去广告/去除百度推广以及无用功能","uuid":"9dd47172-0008-4085-816f-36fc52e17626","modified":1475225977085,"file_url":"https://greasyfork.org/scripts/19759-%E5%8E%BB%E5%B9%BF%E5%91%8A-%E5%8E%BB%E9%99%A4%E7%99%BE%E5%BA%A6%E6%8E%A8%E5%B9%BF%E4%BB%A5%E5%8F%8A%E6%97%A0%E7%94%A8%E5%8A%9F%E8%83%BD/code/%E5%8E%BB%E5%B9%BF%E5%91%8A%E5%8E%BB%E9%99%A4%E7%99%BE%E5%BA%A6%E6%8E%A8%E5%B9%BF%E4%BB%A5%E5%8F%8A%E6%97%A0%E7%94%A8%E5%8A%9F%E8%83%BD.user.js"}}