{"options":{"comment":null,"compatopts_for_requires":true,"compat_wrappedjsobject":false,"compat_metadata":false,"compat_foreach":false,"compat_arrayleft":false,"compat_uW_gmonkey":false,"compat_forvarin":false,"noframes":null,"awareOfChrome":false,"run_at":null,"override":{"use_includes":[],"orig_includes":[],"merge_includes":true,"use_matches":[],"orig_matches":["*://pan.baidu.com/*","*://yun.baidu.com/*"],"merge_matches":true,"use_excludes":[],"orig_excludes":[],"merge_excludes":true,"use_connects":[],"merge_connects":true,"use_blockers":[],"orig_run_at":"document-idle","orig_noframes":null,"orig_connects":[]}},"settings":{"enabled":true,"position":4},"meta":{"name":"阻止百度网盘跳转HTTPS","uuid":"f25ca795-e64b-4524-ae1f-b0f5900c3a51","modified":1475225967881,"file_url":"https://greasyfork.org/scripts/22208-%E9%98%BB%E6%AD%A2%E7%99%BE%E5%BA%A6%E7%BD%91%E7%9B%98%E8%B7%B3%E8%BD%AChttps/code/%E9%98%BB%E6%AD%A2%E7%99%BE%E5%BA%A6%E7%BD%91%E7%9B%98%E8%B7%B3%E8%BD%ACHTTPS.user.js"}}